,Predicted Values,Actual Values
0,0,0
1,1,1
2,1,0
3,0,0
4,1,1
5,0,0
6,0,0
7,0,0
8,1,1
9,0,0
10,1,1
11,1,1
12,0,1
13,1,1
14,1,1
15,1,1
16,0,0
17,1,1
18,1,1
19,0,0
20,1,1
21,1,0
22,1,1
23,0,0
24,1,1
25,1,0
26,0,0
27,1,1
28,1,1
29,1,0
30,0,0
31,1,1
32,0,0
33,1,1
34,0,1
35,1,1
36,0,0
37,1,1
38,1,1
39,1,0
40,1,1
41,1,1
42,1,1
43,0,0
44,0,0
45,1,1
46,1,1
47,1,1
48,1,1
49,0,0
50,0,0
51,0,0
52,1,1
53,1,1
54,1,0
55,0,1
56,1,0
57,0,0
58,1,1
59,1,0
60,0,0
61,0,0
62,1,0
63,0,0
64,1,1
65,1,1
66,1,1
67,0,0
68,1,1
69,1,1
70,0,0
71,1,1
72,0,0
73,0,0
74,0,0
75,0,1
76,0,0
77,1,1
78,0,0
79,1,0
80,0,1
81,1,1
82,0,0
83,0,0
84,1,1
85,0,1
86,0,0
87,0,0
88,0,0
89,1,1
90,1,1
91,1,0
92,1,1
93,0,0
94,1,1
95,1,1
96,1,1
97,0,0
98,1,0
99,1,1
100,0,0
101,0,0
102,1,0
103,0,0
104,1,1
105,1,0
106,0,0
107,1,1
108,0,0
109,0,1
110,0,0
111,0,1
112,0,0
113,1,1
114,0,0
115,0,0
116,1,0
117,1,0
118,1,1
119,0,0
120,0,0
121,1,0
122,1,1
123,0,0
124,1,1
125,0,0
126,0,1
127,0,0
128,0,0
129,1,1
130,0,0
131,0,0
132,0,0
133,0,0
134,1,1
135,0,0
136,1,1
137,1,0
138,1,1
139,1,1
140,0,0
141,1,1
142,1,1
143,0,0
144,0,0
145,0,0
146,0,0
147,0,0
148,1,1
149,1,1
150,1,1
151,1,1
152,1,1
153,0,0
154,0,1
155,0,0
156,1,1
157,1,1
158,1,1
159,1,1
160,1,1
161,1,1
162,0,0
163,0,0
164,0,1
165,0,1
166,1,0
167,1,1
168,1,1
169,0,1
170,0,1
171,1,1
172,0,0
173,1,1
174,0,0
175,1,1
176,1,1
177,1,1
178,0,0
179,1,1
180,0,0
181,1,1
182,1,0
183,1,0
184,1,1
185,1,1
186,0,0
187,1,1
188,0,0
189,0,0
190,1,1
191,1,1
192,0,1
193,1,0
194,0,0
195,1,1
196,1,1
197,1,1
198,1,1
199,0,0
200,0,0
201,1,1
202,0,0
203,0,0
204,1,1
205,1,1
206,1,1
207,1,1
208,0,0
209,0,0
210,1,0
211,0,0
212,1,1
213,0,0
214,0,0
215,0,0
216,0,0
217,0,0
218,1,1
219,1,0
220,0,0
221,1,1
222,1,0
223,0,1
224,0,1
225,0,0
226,0,0
227,0,1
228,0,0
229,1,1
230,1,1
231,0,0
232,0,0
233,1,1
234,0,1
235,0,0
236,1,1
237,0,1
238,1,1
239,0,0
240,0,0
241,1,1
242,0,0
243,0,0
244,0,0
245,1,1
246,1,1
247,1,1
248,1,0
249,0,0
250,0,0
251,1,0
252,0,0
253,1,1
254,1,1
255,0,0
256,1,1
257,1,0
258,0,0
259,0,0
260,0,1
261,1,0
262,1,1
263,1,1
264,1,1
265,1,1
266,1,1
267,1,1
268,1,1
269,0,0
270,0,0
271,0,0
272,1,0
273,1,1
274,1,1
275,1,1
276,1,1
277,1,1
278,1,1
279,0,1
280,0,0
281,0,0
282,1,1
283,1,1
284,1,1
285,1,1
286,0,0
287,0,0
288,1,0
289,0,1
290,0,0
291,0,0
292,1,1
293,0,1
294,1,0
295,0,0
296,1,0
297,0,0
298,1,1
299,0,1
300,0,0
301,1,1
302,1,1
303,0,0
304,1,1
305,1,1
306,1,1
307,1,1
308,0,0
309,1,0
310,1,1
311,0,1
312,0,0
313,0,0
314,1,1
315,0,0
316,1,1
317,0,1
318,0,1
319,1,0
320,1,1
321,1,1
322,0,0
323,1,0
324,0,1
325,0,0
326,1,1
327,1,0
328,1,1
329,0,0
330,1,1
331,1,1
332,1,1
333,1,1
334,1,1
335,0,0
336,0,0
337,1,1
338,0,0
339,1,1
340,1,0
341,1,1
342,0,1
343,0,0
344,1,0
345,1,1
346,1,1
347,0,0
348,1,0
349,1,0
350,1,1
351,1,1
352,1,0
353,0,0
354,1,1
355,0,0
356,0,0
357,1,1
358,0,0
359,0,0
360,0,0
361,1,1
362,0,0
363,1,0
364,0,0
365,1,1
366,1,0
367,0,0
368,1,1
369,1,1
370,0,0
371,0,0
372,0,0
373,1,1
374,1,1
375,0,0
376,0,0
377,1,1
378,1,1
379,0,0
380,0,0
381,1,0
382,1,0
383,1,1
384,0,0
385,0,0
386,0,0
387,1,1
388,1,0
389,0,0
390,1,1
391,1,1
392,0,0
393,1,1
394,1,1
395,0,0
396,1,1
397,0,0
398,1,0
399,1,1
400,1,1
401,1,1
402,0,0
403,0,0
404,1,1
405,1,1
406,0,1
407,1,0
408,1,1
409,0,0
410,0,0
411,0,0
412,0,0
413,0,0
414,1,1
415,1,1
416,1,1
417,1,1
418,0,0
419,1,0
420,1,1
421,1,0
422,1,1
423,1,1
424,1,1
425,1,1
426,1,1
427,1,1
428,0,0
429,1,1
430,1,0
431,1,1
432,0,0
433,0,0
434,0,0
435,0,0
436,0,0
437,1,1
438,1,1
439,1,1
440,0,0
441,0,0
442,1,1
443,0,0
444,1,1
445,1,0
446,0,0
447,0,0
448,0,0
449,1,1
450,1,1
451,1,0
452,1,0
453,0,0
454,0,0
455,0,0
456,0,0
457,1,1
458,0,0
459,1,1
460,1,1
461,1,1
462,1,1
463,1,1
464,1,1
465,0,0
466,0,0
467,1,0
468,1,1
469,1,1
470,0,0
471,0,1
472,0,0
473,0,0
474,1,1
475,1,1
476,1,0
477,1,0
478,1,1
479,0,0
480,0,0
481,0,0
482,0,0
483,0,0
484,0,0
485,0,0
486,0,0
487,0,0
488,0,0
489,1,1
490,0,0
491,0,0
492,0,0
493,0,0
494,0,0
495,1,1
496,0,1
497,0,0
498,1,1
499,1,1
500,0,0
501,0,0
502,1,1
503,1,1
504,0,0
505,1,0
506,0,0
507,0,0
508,0,0
509,0,0
510,0,0
511,0,0
512,0,0
513,0,0
514,1,1
515,1,1
516,1,1
517,0,0
518,1,0
519,1,1
520,1,1
521,1,1
522,1,1
523,1,1
524,0,0
525,0,0
526,0,0
527,1,1
528,1,0
529,1,1
530,1,1
531,1,1
532,1,1
533,1,0
534,1,1
535,0,0
536,0,0
537,1,1
538,1,0
539,0,0
540,0,0
541,1,1
542,0,0
543,1,0
544,1,1
545,0,1
546,0,1
547,0,1
548,1,1
549,0,0
550,1,1
551,0,0
552,0,1
553,1,1
554,1,1
555,0,0
556,1,1
557,1,1
558,1,1
559,0,0
560,0,0
561,1,1
562,1,0
563,1,1
564,0,0
565,0,0
566,1,1
567,0,0
568,1,1
569,1,1
570,0,1
571,1,1
572,1,1
573,1,1
574,0,0
575,0,0
576,1,1
577,1,1
578,0,0
579,0,0
580,0,0
581,0,1
582,1,1
583,1,1
584,0,0
585,0,0
586,1,0
587,1,1
588,0,0
589,1,1
590,1,1
591,1,1
592,0,0
593,0,0
594,0,0
595,1,1
596,1,1
597,1,1
598,0,0
599,1,1
600,1,1
601,1,1
602,0,0
603,1,1
604,0,0
605,1,1
606,1,1
607,1,1
608,1,1
609,0,0
610,1,0
611,0,0
612,0,0
613,1,1
614,0,1
615,1,0
616,0,0
617,0,0
618,0,0
619,0,1
620,0,0
621,0,1
622,1,0
623,1,1
624,0,0
625,0,0
626,1,1
627,1,0
628,0,0
629,1,1
630,1,1
631,1,1
632,1,1
633,0,0
634,0,0
635,1,1
636,1,1
637,1,1
638,0,1
639,1,1
640,1,0
641,1,1
642,1,1
643,0,0
644,0,0
645,1,1
646,1,1
647,0,0
648,1,0
649,1,0
650,1,1
651,0,0
652,0,1
653,0,0
654,0,0
655,1,0
656,0,0
657,0,0
658,1,1
659,1,1
660,1,0
661,0,0
662,1,1
663,1,1
664,1,1
665,0,0
666,1,1
667,0,0
668,1,0
669,0,0
670,0,0
671,1,1
672,0,0
673,1,1
674,1,1
675,1,0
676,1,0
677,1,1
678,1,1
679,1,1
680,0,1
681,1,1
682,1,1
683,0,0
684,0,0
685,1,1
686,1,1
687,0,1
688,1,1
689,0,0
690,1,0
691,1,1
692,0,1
693,0,0
694,1,1
695,0,0
696,0,1
697,1,0
698,1,1
699,0,0
700,0,0
701,1,1
702,1,1
703,0,0
704,1,1
705,0,0
706,0,0
707,0,1
708,0,0
709,0,0
710,0,0
711,0,0
712,1,1
713,1,1
714,0,0
715,1,1
716,0,0
717,0,0
718,0,0
719,0,0
720,0,0
721,0,0
722,1,1
723,1,0
724,1,1
725,1,1
726,1,1
727,1,1
728,0,0
729,0,0
730,1,1
731,0,0
732,1,1
733,1,1
734,0,0
735,1,1
736,1,1
737,0,0
738,1,1
739,0,0
740,1,1
741,1,1
742,0,0
743,1,1
744,1,1
745,0,1
746,0,1
747,0,0
748,1,1
749,1,1
750,0,0
751,1,0
752,1,1
753,1,0
754,0,0
755,0,0
756,0,0
757,0,0
758,0,0
759,0,0
760,1,1
761,1,1
762,1,0
763,0,0
764,1,0
765,1,1
766,0,0
767,1,1
768,1,1
769,0,0
770,1,0
771,1,0
772,1,1
773,0,0
774,1,1
775,0,0
776,1,1
777,1,1
778,1,0
779,1,1
780,1,1
781,1,1
782,1,1
783,0,1
784,0,0
785,0,0
786,1,0
787,1,0
788,1,1
789,1,0
790,1,0
791,1,1
792,0,0
793,1,1
794,1,1
795,1,1
796,1,1
797,1,1
798,0,0
799,1,1
800,1,1
801,0,0
802,1,1
803,0,0
804,1,1
805,0,0
806,0,0
807,1,1
808,0,0
809,1,1
810,1,1
811,0,0
812,1,1
813,0,0
814,0,0
815,1,0
816,1,0
817,1,0
818,1,1
819,1,1
820,1,0
821,0,0
822,1,1
823,1,1
824,1,1
825,1,1
826,1,1
827,0,1
828,0,0
829,1,0
830,0,0
831,1,0
832,1,1
833,0,1
834,1,1
835,1,1
836,0,0
837,0,0
838,0,0
839,1,1
840,0,0
841,0,0
842,1,1
843,0,0
844,1,1
845,1,1
846,0,0
847,0,0
848,1,1
849,1,1
850,0,0
851,1,1
852,1,1
853,0,0
854,0,0
855,1,1
856,0,0
857,0,0
858,0,0
859,1,1
860,0,1
861,0,0
862,1,1
863,1,0
864,0,0
865,0,0
866,0,0
867,1,0
868,1,1
869,0,0
870,0,0
871,1,1
872,0,0
873,1,1
874,1,0
875,1,1
876,1,1
877,0,0
878,0,0
879,0,0
880,0,0
881,0,0
882,1,0
883,1,1
884,0,0
885,0,0
886,1,1
887,1,1
888,0,0
889,0,0
890,1,1
891,0,0
892,0,1
893,0,0
894,1,1
895,1,1
896,1,1
897,0,0
898,0,0
899,1,1
900,0,0
901,0,0
902,1,1
903,1,1
904,1,1
905,0,0
906,0,0
907,1,1
908,0,0
909,0,0
910,0,0
911,1,1
912,0,1
913,0,0
914,0,0
915,0,0
916,0,0
917,1,1
918,1,1
919,1,1
920,0,0
921,1,1
922,1,1
923,1,0
924,1,0
925,1,1
926,1,1
927,0,0
928,1,1
929,1,1
930,0,0
931,0,0
932,0,0
933,1,0
934,1,1
935,1,1
936,0,0
937,1,1
938,0,0
939,0,0
940,0,0
941,1,1
942,0,1
943,1,1
944,1,1
945,0,0
946,1,1
947,0,0
948,0,1
949,1,1
950,0,0
951,0,0
952,1,1
953,0,0
954,1,1
955,0,0
956,0,0
957,1,1
958,1,1
959,1,1
960,0,1
961,0,1
962,1,1
963,0,0
964,1,1
965,0,0
966,1,1
967,1,1
968,0,0
969,1,1
970,0,0
971,1,1
972,0,0
973,1,0
974,1,1
975,1,1
976,0,0
977,1,1
978,1,1
979,1,1
980,1,1
981,1,1
982,0,0
983,1,1
984,0,0
985,0,0
986,0,0
987,1,1
988,0,1
989,0,0
990,1,1
991,1,0
992,1,1
993,0,0
994,0,0
995,1,1
996,1,1
997,0,0
998,1,1
999,0,0
1000,1,1
1001,0,0
1002,0,0
1003,0,0
1004,0,0
1005,0,0
1006,0,1
1007,1,1
1008,1,1
1009,1,1
1010,1,1
1011,1,1
1012,1,1
1013,0,0
1014,0,1
1015,1,1
1016,1,1
1017,1,1
1018,0,0
1019,1,1
1020,1,1
1021,1,1
1022,0,0
1023,0,0
1024,1,1
1025,1,1
1026,1,0
1027,0,0
1028,1,1
1029,0,0
1030,1,1
1031,0,0
1032,1,1
1033,0,0
1034,0,0
1035,1,0
1036,0,0
1037,0,0
1038,0,0
1039,1,1
1040,0,0
1041,0,0
1042,0,0
1043,1,1
1044,0,0
1045,1,1
1046,1,1
1047,0,0
1048,0,0
1049,1,1
1050,0,0
1051,0,0
1052,1,1
1053,0,0
1054,0,0
1055,0,1
1056,0,0
1057,0,0
1058,1,1
1059,1,1
1060,1,1
1061,1,1
1062,1,1
1063,1,1
1064,1,1
1065,1,1
1066,1,0
1067,0,0
1068,1,1
1069,0,1
1070,0,0
1071,0,0
1072,1,1
1073,0,0
1074,1,1
1075,0,1
1076,0,0
1077,0,0
1078,1,1
1079,1,1
1080,0,1
1081,0,0
1082,1,1
1083,1,1
1084,0,0
1085,1,1
1086,1,1
1087,0,1
1088,1,1
1089,1,1
1090,0,0
1091,1,1
1092,1,1
1093,1,1
1094,1,1
1095,1,1
1096,0,0
1097,0,0
1098,0,0
1099,1,1
1100,0,0
1101,1,1
1102,1,1
1103,0,0
1104,0,0
1105,1,1
1106,1,1
1107,0,1
1108,1,1
1109,1,1
1110,0,0
1111,0,0
1112,1,0
1113,1,1
1114,1,1
1115,0,0
1116,0,1
1117,0,0
1118,0,0
1119,0,1
1120,0,0
1121,0,0
1122,0,0
1123,0,1
1124,1,1
1125,1,1
1126,1,0
1127,1,1
1128,1,1
1129,1,1
1130,0,0
1131,0,0
1132,1,1
1133,1,0
1134,1,1
1135,1,1
1136,0,0
1137,0,0
1138,0,0
1139,0,0
1140,1,0
1141,1,1
1142,1,1
1143,1,0
1144,1,0
1145,1,1
1146,1,0
1147,0,0
1148,0,0
1149,1,0
1150,1,1
1151,1,0
1152,0,0
1153,0,0
1154,0,0
1155,0,0
1156,0,0
1157,1,1
1158,0,0
1159,1,1
1160,1,1
1161,0,1
1162,1,1
1163,1,1
1164,1,1
1165,1,1
1166,1,1
1167,0,0
1168,0,0
1169,1,1
1170,1,1
1171,0,0
1172,1,1
1173,1,0
1174,1,1
1175,1,1
1176,1,0
1177,1,0
1178,0,0
1179,0,0
1180,0,0
1181,1,1
1182,0,0
1183,0,0
1184,0,0
1185,0,0
1186,0,0
1187,0,0
1188,1,1
1189,0,1
1190,1,1
1191,0,0
1192,0,0
1193,1,1
1194,1,1
1195,1,1
1196,1,0
1197,0,0
1198,1,1
1199,1,0
1200,0,0
1201,0,0
1202,1,1
1203,0,0
1204,1,1
1205,0,0
1206,0,0
1207,0,1
1208,0,0
1209,1,0
1210,0,0
1211,0,0
1212,1,1
1213,0,0
1214,0,0
1215,0,0
1216,0,0
1217,0,0
1218,0,0
1219,0,0
1220,1,1
1221,1,1
1222,1,0
1223,0,1
1224,0,0
1225,1,1
1226,1,1
1227,0,0
1228,0,0
1229,0,0
1230,1,1
1231,1,1
1232,1,1
1233,0,0
1234,1,1
1235,0,0
1236,1,1
1237,0,0
1238,1,1
1239,1,0
1240,0,0
1241,0,0
1242,1,1
1243,0,0
1244,0,1
1245,0,1
1246,1,1
1247,1,1
1248,0,0
1249,0,0
1250,1,1
1251,1,1
1252,0,0
1253,1,1
1254,1,1
1255,1,1
1256,0,0
1257,0,0
1258,0,0
1259,1,0
1260,1,1
1261,1,1
1262,0,1
1263,1,0
1264,0,0
1265,1,1
1266,1,1
1267,0,0
1268,0,0
1269,1,1
1270,0,0
1271,0,0
1272,1,1
1273,1,1
1274,0,0
1275,1,1
1276,0,0
1277,0,0
1278,0,0
1279,0,0
1280,0,0
1281,0,0
1282,0,1
1283,0,0
1284,0,0
1285,1,1
1286,0,0
1287,0,0
1288,1,1
1289,0,1
1290,0,0
1291,1,1
1292,1,1
1293,1,0
1294,1,1
1295,0,0
1296,0,1
1297,0,0
1298,0,0
1299,0,0
1300,0,0
1301,1,1
1302,1,1
1303,1,1
1304,0,0
1305,1,1
1306,1,0
1307,1,1
1308,1,1
1309,1,1
1310,0,0
1311,0,0
1312,1,1
1313,0,0
1314,0,1
1315,1,1
1316,1,0
1317,1,1
1318,0,1
1319,0,0
1320,1,1
1321,1,1
1322,1,1
1323,0,0
1324,1,0
1325,1,1
1326,1,1
1327,0,1
1328,0,0
1329,1,1
1330,1,0
1331,0,0
1332,0,1
1333,0,0
1334,0,0
1335,1,0
1336,0,0
1337,0,0
1338,0,0
1339,0,0
1340,1,1
1341,0,0
1342,0,0
1343,0,0
1344,1,1
1345,0,1
1346,1,0
1347,0,0
1348,0,1
1349,0,1
1350,0,0
1351,0,0
1352,0,0
1353,0,0
1354,0,0
1355,0,0
1356,0,0
1357,0,0
1358,0,0
1359,0,0
1360,1,1
1361,1,1
1362,0,0
1363,0,0
1364,1,1
1365,1,1
1366,0,0
1367,1,0
1368,0,0
1369,0,0
1370,1,1
1371,0,1
1372,1,1
1373,1,1
1374,0,0
1375,1,0
1376,0,0
1377,1,1
1378,1,1
1379,0,0
1380,0,1
1381,0,0
1382,0,0
1383,1,1
1384,0,0
1385,0,0
1386,0,0
1387,1,0
1388,1,1
1389,1,1
1390,0,0
1391,0,1
1392,0,0
1393,1,1
1394,0,0
1395,0,1
1396,1,1
1397,0,0
1398,0,0
1399,1,1
1400,1,1
1401,1,1
1402,0,0
1403,0,0
1404,0,0
1405,1,1
1406,1,1
1407,1,1
1408,1,1
1409,1,1
1410,0,0
1411,1,1
1412,0,1
1413,0,0
1414,1,1
1415,0,0
1416,1,1
1417,1,1
1418,1,1
1419,0,0
1420,1,0
1421,1,1
1422,0,0
1423,1,1
1424,1,1
1425,1,1
1426,1,1
1427,1,1
1428,1,1
1429,1,1
1430,1,1
1431,0,0
1432,1,0
1433,1,1
1434,1,1
1435,1,0
1436,0,0
1437,0,0
1438,1,1
1439,1,1
1440,1,0
1441,0,1
1442,0,1
1443,1,1
1444,1,0
1445,0,0
1446,0,0
1447,1,1
1448,0,0
1449,0,0
1450,0,0
1451,1,1
1452,1,1
1453,1,0
1454,1,1
1455,1,1
1456,1,1
1457,0,0
1458,0,0
1459,1,0
1460,1,1
1461,1,1
1462,0,0
1463,1,1
1464,0,0
1465,1,1
1466,0,1
1467,0,0
1468,1,1
1469,1,1
1470,0,0
1471,0,0
1472,1,1
1473,0,1
1474,1,1
1475,1,1
1476,0,0
1477,1,1
1478,1,1
1479,0,0
1480,1,1
1481,0,0
1482,1,1
1483,0,0
1484,0,0
1485,1,1
1486,1,1
1487,0,0
1488,1,1
1489,1,1
1490,0,0
1491,0,0
1492,0,0
1493,1,0
1494,1,1
1495,1,0
1496,0,0
1497,1,1
1498,1,0
1499,0,0
1500,0,0
1501,0,0
1502,0,0
1503,1,1
1504,0,0
1505,1,1
1506,1,1
1507,1,1
1508,0,0
1509,1,1
1510,0,0
1511,0,0
1512,0,1
1513,0,0
1514,0,0
1515,1,1
1516,1,1
1517,0,0
1518,0,0
1519,0,0
1520,1,1
1521,0,0
1522,1,1
1523,1,1
1524,1,0
1525,0,0
1526,1,1
1527,1,1
1528,0,1
1529,0,0
1530,1,1
1531,0,1
1532,0,0
1533,1,1
1534,1,1
1535,0,0
1536,1,1
1537,1,0
1538,0,0
1539,0,0
1540,0,0
1541,0,0
1542,0,0
1543,0,0
1544,0,0
1545,1,0
1546,0,1
1547,0,1
1548,1,1
1549,0,0
1550,1,1
1551,1,1
1552,0,1
1553,0,0
1554,0,0
1555,0,0
1556,1,1
1557,0,0
1558,0,0
1559,1,1
1560,1,1
1561,1,0
1562,1,1
1563,0,0
1564,0,0
1565,1,1
1566,1,1
1567,1,1
1568,1,1
1569,1,1
1570,1,0
1571,0,0
1572,1,1
1573,0,1
1574,0,1
1575,0,0
1576,0,0
1577,1,0
1578,0,0
1579,1,1
1580,1,1
1581,0,0
1582,0,0
1583,1,1
1584,0,0
1585,1,1
1586,1,1
1587,1,1
1588,0,0
1589,1,1
1590,1,1
1591,1,0
1592,1,1
1593,0,1
1594,0,0
1595,0,1
1596,0,0
1597,0,0
1598,1,1
1599,1,1
1600,0,0
1601,0,0
1602,1,1
1603,1,1
1604,1,0
1605,0,0
1606,1,1
1607,0,1
1608,1,1
1609,1,1
1610,0,0
1611,0,0
1612,1,1
1613,1,1
1614,0,0
1615,1,1
1616,0,0
1617,0,0
1618,1,1
1619,1,1
1620,1,1
1621,0,0
1622,0,0
1623,1,0
1624,0,0
1625,1,1
1626,1,1
1627,1,1
1628,0,1
1629,1,0
1630,0,0
1631,1,1
1632,0,0
1633,1,1
1634,0,0
1635,0,0
1636,0,0
1637,0,0
1638,0,1
1639,0,0
1640,1,1
1641,0,0
1642,1,1
1643,1,1
1644,1,1
1645,0,0
1646,1,1
1647,0,0
1648,1,1
1649,0,1
1650,1,0
1651,1,1
1652,1,1
1653,0,0
1654,1,1
1655,0,0
1656,0,0
1657,0,0
1658,1,1
1659,0,0
1660,1,1
1661,1,1
1662,0,0
1663,1,1
1664,1,1
1665,0,0
1666,0,1
1667,1,0
1668,1,1
1669,0,1
1670,0,0
1671,0,0
1672,0,0
1673,0,0
1674,1,1
1675,1,0
1676,1,0
1677,0,0
1678,0,1
1679,0,0
1680,0,0
1681,1,1
1682,1,1
1683,1,1
1684,0,0
1685,0,0
1686,1,0
1687,1,1
1688,1,1
1689,0,1
1690,0,0
1691,1,1
1692,1,1
1693,1,1
1694,1,1
1695,1,1
1696,0,0
1697,0,0
1698,1,1
1699,0,0
1700,0,0
1701,0,0
1702,0,0
1703,0,0
1704,0,0
1705,1,1
1706,1,1
1707,1,1
1708,0,0
1709,1,1
1710,1,1
1711,1,0
1712,1,1
1713,0,1
1714,0,0
1715,0,0
1716,1,1
1717,1,1
1718,1,1
1719,1,1
1720,0,0
1721,0,0
1722,1,1
1723,0,0
1724,0,0
1725,1,1
1726,0,0
1727,1,1
1728,1,0
1729,0,0
1730,1,1
1731,1,1
1732,0,0
1733,0,0
1734,0,0
1735,0,0
1736,0,0
1737,1,1
1738,0,0
1739,0,0
1740,0,0
1741,1,1
1742,1,1
1743,0,0
1744,1,0
1745,1,1
1746,0,0
1747,1,1
1748,0,0
1749,1,0
1750,1,1
1751,1,1
1752,0,0
1753,0,0
1754,1,1
1755,1,1
1756,1,1
1757,0,0
1758,1,1
1759,1,0
1760,1,0
1761,0,0
1762,0,0
1763,1,1
1764,1,1
1765,1,1
1766,1,1
1767,0,0
1768,0,0
1769,1,1
1770,1,1
1771,0,0
1772,1,1
1773,1,1
1774,1,1
1775,0,0
1776,0,0
1777,0,0
1778,0,0
1779,1,1
1780,0,0
1781,0,0
1782,1,1
1783,1,1
1784,1,1
1785,0,0
1786,0,0
1787,0,1
1788,1,1
1789,0,1
1790,1,1
1791,0,1
1792,0,1
1793,0,0
1794,0,1
1795,0,0
1796,1,1
1797,0,0
1798,1,1
1799,1,0
1800,1,1
1801,1,1
1802,0,0
1803,1,1
1804,0,0
1805,1,1
1806,0,0
1807,1,1
1808,0,0
1809,1,1
1810,0,0
1811,1,1
1812,0,0
1813,0,0
1814,0,0
1815,0,0
1816,1,1
1817,1,0
1818,1,1
1819,0,0
1820,0,0
1821,0,0
1822,0,0
1823,1,1
1824,1,1
1825,1,1
1826,0,0
1827,1,1
1828,1,1
1829,1,0
1830,0,0
1831,0,0
1832,1,1
1833,0,1
1834,0,0
1835,1,1
1836,1,1
1837,1,0
1838,1,1
1839,0,0
1840,1,1
1841,1,0
1842,1,0
1843,0,0
1844,0,0
1845,0,0
1846,0,1
1847,1,1
1848,0,0
1849,1,0
1850,1,1
1851,0,0
1852,0,1
1853,0,0
1854,1,1
1855,0,1
1856,1,1
1857,1,1
1858,1,0
1859,1,1
1860,0,0
1861,0,0
1862,0,0
1863,1,1
1864,1,1
1865,0,0
1866,1,1
1867,1,1
1868,1,1
1869,0,0
1870,0,0
1871,1,1
1872,0,0
1873,1,0
1874,1,1
1875,1,1
1876,0,1
1877,0,0
1878,1,1
1879,0,0
1880,1,0
1881,0,0
1882,1,0
1883,1,1
1884,0,0
1885,1,1
1886,1,1
1887,1,1
1888,1,1
1889,1,1
1890,1,1
1891,0,0
1892,0,0
1893,0,0
1894,1,1
1895,1,1
1896,0,0
1897,0,0
1898,1,1
1899,1,0
1900,0,1
1901,0,0
1902,0,0
1903,1,1
1904,1,1
1905,0,0
1906,1,1
1907,0,1
1908,1,0
1909,1,1
1910,0,1
1911,0,0
1912,0,0
1913,1,1
1914,1,0
1915,0,0
1916,0,0
1917,0,0
1918,1,1
1919,1,1
1920,1,1
1921,1,1
1922,1,1
1923,0,0
1924,0,0
1925,1,1
1926,0,0
1927,0,0
1928,1,1
1929,1,1
1930,0,0
1931,0,0
1932,1,1
1933,0,0
1934,1,1
1935,1,1
1936,0,1
1937,1,1
1938,1,0
1939,1,1
1940,1,0
1941,1,1
1942,1,1
1943,1,0
1944,0,0
1945,0,0
1946,0,0
1947,0,0
1948,0,1
1949,0,0
1950,0,0
1951,0,0
1952,1,0
1953,1,1
1954,1,0
1955,1,1
1956,1,1
1957,1,1
1958,0,0
1959,1,1
1960,1,1
1961,1,0
1962,0,0
1963,1,1
1964,1,1
1965,1,0
1966,0,1
1967,1,1
1968,0,0
1969,1,1
1970,0,0
1971,0,0
1972,0,0
1973,0,0
1974,1,1
1975,0,1
1976,1,0
1977,1,1
1978,0,0
1979,1,0
1980,1,1
1981,1,0
1982,1,1
1983,0,0
1984,0,0
1985,0,0
1986,1,1
1987,1,0
1988,0,0
1989,0,0
1990,1,1
1991,1,1
1992,1,1
1993,1,1
1994,1,1
1995,0,1
1996,0,0
1997,1,0
1998,1,0
1999,1,1
2000,0,0
2001,0,1
2002,0,0
2003,1,1
2004,1,1
2005,1,1
2006,0,0
2007,1,0
2008,1,0
2009,1,1
2010,0,1
2011,1,1
2012,1,1
2013,0,0
2014,1,1
2015,1,0
2016,0,0
2017,0,0
2018,0,0
2019,1,1
2020,1,1
2021,0,1
2022,0,0
2023,0,0
2024,1,1
2025,1,0
2026,0,1
2027,0,0
2028,0,0
2029,0,0
2030,0,0
2031,1,1
2032,0,0
2033,0,0
2034,1,1
2035,1,1
2036,1,1
2037,1,1
2038,0,0
2039,0,0
2040,0,0
2041,1,1
2042,1,1
2043,0,0
2044,0,0
2045,1,1
2046,0,1
2047,0,0
2048,1,1
2049,1,1
2050,0,0
2051,1,1
2052,0,0
2053,1,1
2054,1,0
2055,1,1
2056,0,0
2057,1,1
2058,1,1
2059,0,0
2060,0,0
2061,0,0
2062,0,0
2063,1,1
2064,0,0
2065,0,1
2066,1,0
2067,1,0
2068,0,0
2069,0,1
2070,0,0
2071,0,0
2072,1,1
2073,1,1
2074,1,0
2075,0,0
2076,1,1
2077,0,0
2078,1,1
2079,1,1
2080,1,0
2081,1,1
2082,0,0
2083,1,1
2084,1,1
2085,1,1
2086,1,1
2087,1,1
2088,0,0
2089,0,0
2090,0,0
2091,0,0
2092,0,0
2093,0,0
2094,1,1
2095,0,0
2096,1,1
2097,1,1
2098,0,0
2099,1,1
2100,0,0
2101,0,0
2102,0,0
2103,1,1
2104,0,0
2105,1,1
2106,1,1
2107,0,0
2108,0,0
2109,1,1
2110,1,0
2111,0,0
2112,0,1
2113,0,0
2114,0,0
2115,1,1
2116,1,1
2117,1,1
2118,1,1
2119,1,1
2120,0,0
2121,0,0
2122,1,1
2123,0,1
2124,1,1
2125,1,1
2126,1,0
2127,1,1
2128,0,0
2129,1,1
2130,1,0
2131,0,0
2132,0,1
2133,1,0
2134,0,1
2135,0,0
2136,1,0
2137,0,0
2138,0,0
2139,0,0
2140,1,1
2141,0,0
2142,1,1
2143,1,1
2144,0,1
2145,1,0
2146,0,0
2147,0,0
2148,0,0
2149,0,0
2150,0,0
2151,0,0
2152,0,0
2153,1,1
2154,0,1
2155,0,1
2156,1,1
2157,0,0
2158,1,1
2159,1,1
2160,0,0
2161,0,0
2162,0,1
2163,0,0
2164,0,0
2165,0,0
2166,1,1
2167,0,0
2168,0,1
2169,1,1
2170,0,0
2171,0,1
2172,0,0
2173,0,0
2174,1,1
2175,1,1
2176,0,0
2177,1,1
2178,0,0
2179,1,1
2180,1,1
2181,0,0
2182,0,0
2183,0,0
2184,1,1
2185,0,1
2186,1,1
2187,1,1
2188,1,0
2189,1,1
2190,0,0
2191,1,1
2192,0,0
2193,1,0
2194,0,1
2195,0,0
2196,0,0
2197,1,1
2198,0,0
2199,1,1
2200,0,1
2201,0,0
2202,0,0
2203,0,0
2204,0,0
2205,1,0
2206,1,1
2207,0,0
2208,1,1
2209,0,0
2210,1,1
2211,1,1
2212,1,1
2213,1,1
2214,0,0
2215,1,1
2216,1,1
2217,0,0
2218,1,1
2219,0,1
2220,0,0
2221,0,1
2222,0,0
2223,0,0
2224,1,1
2225,1,1
2226,0,0
2227,0,0
2228,1,1
2229,1,1
2230,0,0
2231,0,0
2232,1,1
2233,0,0
2234,0,0
2235,0,0
2236,0,1
2237,0,0
2238,0,0
2239,1,0
2240,0,1
2241,1,1
2242,1,1
2243,1,1
2244,0,1
2245,0,0
2246,0,0
2247,1,1
2248,0,0
2249,0,1
2250,1,1
2251,0,0
2252,1,1
2253,1,0
2254,0,0
2255,0,0
2256,1,1
2257,1,1
2258,0,0
2259,0,0
2260,1,1
2261,0,0
2262,0,0
2263,1,1
2264,1,1
2265,0,0
2266,0,0
2267,0,1
2268,1,1
2269,1,1
2270,1,1
2271,1,0
2272,0,0
2273,0,0
2274,0,0
2275,0,0
2276,0,0
2277,1,1
2278,0,0
2279,1,1
2280,1,1
2281,0,1
2282,1,0
2283,0,0
2284,0,1
2285,0,1
2286,0,0
2287,0,0
2288,1,0
2289,1,0
2290,0,0
2291,0,0
2292,0,0
2293,0,0
2294,1,1
2295,1,1
2296,1,0
2297,0,0
2298,1,1
2299,1,1
2300,1,1
2301,0,0
2302,0,0
2303,1,1
2304,1,1
2305,0,0
2306,1,0
2307,0,0
2308,0,0
2309,0,0
2310,0,0
2311,1,1
2312,0,0
2313,1,1
2314,0,0
2315,1,1
2316,1,0
2317,0,0
2318,0,0
2319,1,1
2320,0,0
2321,0,0
2322,0,0
2323,1,1
2324,0,0
2325,1,1
2326,0,0
2327,0,0
2328,0,0
2329,0,0
2330,1,1
2331,1,0
2332,0,0
2333,0,0
2334,1,1
2335,0,1
2336,1,1
2337,0,0
2338,1,1
2339,0,0
2340,1,1
2341,0,0
2342,0,1
2343,1,1
2344,0,0
2345,1,1
2346,1,1
2347,0,1
2348,0,0
2349,1,1
2350,1,1
2351,1,0
2352,0,1
2353,1,1
2354,1,1
2355,0,0
2356,0,0
2357,1,1
2358,1,1
2359,0,0
2360,1,1
2361,0,0
2362,1,1
2363,1,1
2364,0,1
2365,1,1
2366,1,1
2367,0,1
2368,0,0
2369,0,0
2370,0,0
2371,1,0
2372,1,1
2373,1,1
2374,1,1
2375,0,0
2376,0,1
2377,1,1
2378,0,0
2379,0,0
2380,1,1
2381,0,0
2382,1,1
2383,1,1
2384,0,0
2385,1,0
2386,0,0
2387,0,0
2388,1,1
2389,1,1
2390,1,0
2391,1,1
2392,1,0
2393,1,1
2394,1,1
2395,1,1
2396,0,1
2397,0,0
2398,0,0
2399,0,0
2400,1,1
2401,1,1
2402,0,0
2403,0,0
2404,1,1
2405,1,1
2406,0,1
2407,0,0
2408,0,0
2409,0,0
2410,0,0
2411,1,1
2412,0,0
2413,1,1
2414,0,0
2415,1,0
2416,0,0
2417,1,1
2418,1,1
2419,0,0
2420,0,0
2421,0,0
2422,1,1
2423,0,0
2424,1,1
2425,0,0
2426,0,0
2427,1,1
2428,1,1
2429,0,0
2430,0,0
2431,1,1
2432,0,0
2433,0,1
2434,0,0
2435,0,0
2436,0,0
2437,1,0
2438,1,1
2439,0,1
2440,1,1
2441,0,0
2442,1,1
2443,0,0
2444,0,0
2445,0,0
2446,1,1
2447,1,1
2448,1,1
2449,0,0
2450,1,1
2451,0,0
2452,0,0
2453,1,1
2454,1,1
2455,1,0
2456,1,1
2457,1,1
2458,0,0
2459,1,1
2460,1,1
2461,1,1
2462,0,0
2463,0,0
2464,0,1
2465,1,1
2466,1,1
2467,0,0
2468,0,0
2469,1,0
2470,0,0
2471,0,0
2472,0,0
2473,0,0
2474,1,1
2475,1,1
2476,1,1
2477,0,0
2478,1,1
2479,1,1
2480,0,1
2481,1,0
2482,0,0
2483,0,0
2484,1,1
2485,1,1
2486,0,1
2487,1,1
2488,1,1
2489,1,0
2490,1,1
2491,0,0
2492,1,1
2493,0,0
2494,0,0
2495,1,1
2496,0,0
2497,1,1
2498,1,1
2499,1,1
2500,1,1
2501,0,0
2502,0,0
2503,0,0
2504,0,0
2505,0,0
2506,0,0
2507,0,0
2508,1,1
2509,0,0
2510,1,1
2511,0,0
2512,0,0
2513,1,1
2514,1,0
2515,1,1
2516,1,1
2517,0,0
2518,1,1
2519,0,0
2520,1,0
2521,0,0
2522,1,1
2523,0,0
2524,0,1
2525,1,1
2526,1,1
2527,0,0
2528,0,0
2529,0,1
2530,0,0
2531,1,1
2532,1,1
2533,0,0
2534,0,0
2535,1,1
2536,1,1
2537,1,0
2538,0,1
2539,0,0
2540,0,1
2541,1,1
2542,0,0
2543,0,0
2544,0,0
2545,1,1
2546,1,1
2547,0,0
2548,1,1
2549,1,1
2550,1,1
2551,1,1
2552,0,0
2553,1,1
2554,1,1
2555,0,0
2556,1,1
2557,0,0
2558,0,0
2559,0,0
2560,1,1
2561,1,1
2562,1,1
2563,1,1
2564,1,0
2565,1,0
2566,0,0
2567,1,1
2568,0,0
2569,1,1
2570,0,0
2571,1,1
2572,1,1
2573,1,1
2574,0,0
2575,0,1
2576,0,0
2577,0,0
2578,1,1
2579,1,1
2580,1,1
2581,0,1
2582,1,1
2583,1,1
2584,0,0
2585,0,0
2586,0,0
2587,1,0
2588,0,0
2589,0,0
2590,0,0
2591,1,0
2592,1,1
2593,1,0
2594,1,1
2595,1,1
2596,1,1
2597,0,0
2598,0,0
2599,0,0
2600,0,0
2601,0,0
2602,0,0
2603,0,0
2604,1,1
2605,0,0
2606,1,1
2607,1,1
2608,0,0
2609,0,0
2610,0,0
2611,0,0
2612,0,1
2613,0,0
2614,0,0
2615,0,0
2616,0,0
2617,0,0
2618,1,1
2619,0,0
2620,1,1
2621,0,0
2622,1,1
2623,1,1
2624,1,0
2625,1,1
2626,1,1
2627,1,1
2628,0,0
2629,0,0
2630,0,0
2631,0,0
2632,1,1
2633,0,0
2634,1,1
2635,0,0
2636,1,1
2637,0,0
2638,0,0
2639,0,0
2640,0,0
2641,0,0
2642,1,0
2643,1,1
2644,1,0
2645,1,1
2646,0,0
2647,1,1
2648,1,0
2649,0,0
2650,0,0
2651,1,1
2652,0,0
2653,1,1
2654,1,1
2655,0,0
2656,0,0
2657,0,0
2658,0,0
2659,1,1
2660,1,1
2661,1,0
2662,0,1
2663,0,0
2664,1,1
2665,0,0
2666,0,0
2667,0,0
2668,1,1
2669,1,1
2670,0,0
2671,1,1
2672,0,0
2673,0,1
2674,0,0
2675,1,1
2676,1,1
2677,1,1
2678,0,0
2679,1,1
2680,1,1
2681,1,1
2682,0,0
2683,0,0
2684,0,0
2685,0,0
2686,0,0
2687,1,1
2688,1,1
2689,1,1
2690,1,1
2691,1,1
2692,0,0
2693,0,0
2694,0,0
2695,1,1
2696,1,0
2697,0,0
2698,1,1
2699,0,0
2700,0,0
2701,1,1
2702,1,1
2703,1,1
2704,0,0
2705,1,0
2706,1,1
2707,1,1
2708,1,1
2709,1,0
2710,1,1
2711,0,1
2712,0,1
2713,0,0
2714,0,0
2715,0,0
2716,1,1
2717,0,0
2718,0,0
2719,1,0
2720,0,0
2721,0,0
2722,0,0
2723,1,1
2724,0,0
2725,0,0
2726,1,1
2727,0,1
2728,1,0
2729,1,1
2730,1,0
2731,1,0
2732,1,1
2733,0,0
2734,1,1
2735,1,0
2736,1,1
2737,0,0
2738,0,0
2739,0,0
2740,1,1
2741,1,1
2742,1,1
2743,1,1
2744,0,0
2745,0,1
2746,0,0
2747,0,0
2748,0,0
2749,1,1
2750,1,1
2751,1,1
2752,0,1
2753,0,0
2754,1,1
2755,0,0
2756,0,0
2757,1,1
2758,1,1
2759,0,0
2760,1,1
2761,1,0
2762,0,0
2763,0,0
2764,0,0
2765,1,1
2766,1,1
2767,1,1
2768,0,0
2769,0,0
2770,0,0
2771,1,0
2772,0,1
2773,0,0
2774,1,0
2775,0,0
2776,0,0
2777,0,0
2778,0,0
2779,0,0
2780,0,1
2781,1,1
2782,1,1
2783,0,0
2784,1,1
2785,1,1
2786,1,1
2787,1,1
2788,0,0
2789,1,0
2790,0,0
2791,0,0
2792,0,0
2793,1,0
2794,1,1
2795,1,1
2796,1,1
2797,1,1
2798,1,0
2799,1,1
2800,1,1
2801,1,1
2802,1,1
2803,0,0
2804,1,1
2805,0,0
2806,0,0
2807,1,0
2808,0,0
2809,0,0
2810,1,1
2811,0,0
2812,0,0
2813,0,0
2814,1,1
2815,1,1
2816,0,0
2817,1,1
2818,0,0
2819,1,1
2820,0,1
2821,1,1
2822,1,1
2823,1,1
2824,1,0
2825,1,1
2826,0,1
2827,1,1
2828,1,1
2829,0,0
2830,1,1
2831,0,0
2832,0,1
2833,1,1
2834,0,0
2835,1,1
2836,1,1
2837,1,1
2838,1,1
2839,0,0
2840,0,1
2841,1,0
2842,0,0
2843,1,1
2844,1,1
2845,0,0
2846,0,0
2847,1,1
2848,0,0
2849,1,1
2850,0,0
2851,0,0
2852,1,1
2853,1,1
2854,0,0
2855,0,0
2856,1,0
2857,0,1
2858,0,0
2859,1,1
2860,1,1
2861,1,1
2862,0,0
2863,1,1
2864,1,1
2865,1,0
2866,1,1
2867,0,0
2868,0,0
2869,1,1
2870,1,1
2871,1,0
2872,1,1
2873,0,0
2874,0,0
2875,0,1
2876,1,1
2877,0,0
2878,1,0
2879,0,0
2880,0,0
2881,1,1
2882,1,1
2883,1,1
2884,0,0
2885,0,0
2886,1,1
2887,0,0
2888,1,0
2889,0,0
2890,0,0
2891,1,1
2892,0,0
2893,0,1
2894,1,1
2895,1,1
2896,1,0
2897,0,0
2898,0,0
2899,1,1
2900,0,0
2901,0,0
2902,0,0
2903,1,1
2904,0,0
2905,0,0
2906,0,0
2907,1,1
2908,1,0
2909,1,0
2910,0,1
2911,0,0
2912,1,1
2913,1,1
2914,0,0
2915,0,0
2916,1,1
2917,1,1
2918,0,0
2919,0,0
2920,0,0
2921,1,0
2922,1,1
2923,0,0
2924,0,0
2925,0,0
2926,1,1
2927,0,0
2928,0,0
2929,1,0
2930,0,0
2931,0,0
2932,0,0
2933,1,1
2934,1,1
2935,1,0
2936,0,0
2937,1,1
2938,0,0
2939,0,0
2940,1,1
2941,1,0
2942,1,1
2943,1,1
2944,1,0
2945,0,0
2946,0,1
2947,1,1
2948,0,0
2949,0,0
2950,1,0
2951,1,1
2952,1,1
2953,0,0
2954,0,0
2955,0,1
2956,0,0
2957,1,1
2958,0,0
2959,1,1
2960,1,1
2961,0,0
2962,1,0
2963,0,0
2964,1,1
2965,0,0
2966,1,1
2967,1,1
2968,0,0
2969,1,1
2970,1,1
2971,1,1
2972,0,0
2973,0,0
2974,0,1
2975,0,1
2976,0,0
2977,0,0
2978,1,1
2979,1,1
2980,1,0
2981,0,1
2982,1,1
2983,1,1
2984,0,0
2985,1,1
2986,1,1
2987,1,0
2988,1,1
2989,1,1
2990,1,1
2991,1,1
2992,0,0
2993,0,0
2994,0,0
2995,1,1
2996,0,0
2997,0,0
2998,1,1
2999,0,0
3000,1,1
3001,1,0
3002,1,1
3003,0,0
3004,0,0
3005,0,0
3006,0,0
3007,1,1
3008,0,0
3009,0,0
3010,0,0
3011,1,1
3012,1,1
3013,0,0
3014,0,0
3015,0,0
3016,1,1
3017,1,1
3018,1,1
3019,1,1
3020,1,0
3021,0,0
3022,1,0
3023,1,1
3024,1,1
3025,1,1
3026,1,0
3027,0,0
3028,1,1
3029,1,0
3030,0,1
3031,0,0
3032,1,1
3033,0,0
3034,1,1
3035,0,0
3036,0,0
3037,1,0
3038,0,0
3039,0,0
3040,0,0
3041,0,0
3042,1,0
3043,1,1
3044,0,0
3045,0,0
3046,1,1
3047,0,0
3048,0,0
3049,0,0
3050,0,0
3051,0,0
3052,1,1
3053,0,0
3054,1,0
3055,1,1
3056,0,0
3057,0,1
3058,0,0
3059,1,1
3060,1,1
3061,1,1
3062,1,0
3063,0,0
3064,1,0
3065,1,1
3066,0,0
3067,0,0
3068,1,0
3069,0,0
3070,1,1
3071,0,0
3072,1,1
3073,0,0
3074,1,1
3075,0,0
3076,1,1
3077,1,1
3078,0,1
3079,1,1
3080,0,0
3081,1,1
3082,0,0
3083,0,0
3084,0,0
3085,1,1
3086,1,1
3087,1,1
3088,1,1
3089,0,0
3090,0,0
3091,1,1
3092,0,0
3093,0,0
3094,0,0
3095,0,1
3096,1,0
3097,1,1
3098,1,0
