,Predicted Values
0,0
1,1
2,1
3,0
4,1
5,1
6,1
7,0
8,1
9,0
10,1
11,0
12,0
13,0
14,1
15,0
16,0
17,0
18,1
19,1
20,0
21,0
22,0
23,1
24,0
25,1
26,1
27,1
28,0
29,0
30,0
31,1
32,0
33,1
34,1
35,0
36,1
37,0
38,1
39,1
40,0
41,1
42,1
43,0
44,0
45,1
46,0
47,0
48,0
49,1
50,0
51,0
52,0
53,0
54,0
55,1
56,0
57,0
58,1
59,1
60,1
61,0
62,0
63,0
64,0
65,0
66,1
67,1
68,1
69,1
70,1
71,0
72,0
73,0
74,1
75,1
76,0
77,0
78,0
79,0
80,1
81,0
82,0
83,0
84,1
85,1
86,1
87,1
88,0
89,1
90,1
91,1
92,1
93,0
94,1
95,0
96,0
97,1
98,0
99,0
100,0
101,0
102,0
103,1
104,0
105,0
106,0
107,0
108,0
109,0
110,1
111,0
112,0
113,1
114,1
115,1
116,1
117,0
118,0
119,1
120,1
121,0
122,1
123,0
124,0
125,0
126,0
127,0
128,0
129,1
130,0
131,1
132,1
133,1
134,1
135,1
136,0
137,0
138,1
139,0
140,0
141,0
142,0
143,1
144,1
145,0
146,0
147,1
148,0
149,1
150,1
151,0
152,1
153,0
154,1
155,1
156,0
157,0
158,0
159,0
160,1
161,1
162,0
163,0
164,0
165,1
166,1
167,0
168,0
169,1
170,0
171,1
172,1
173,1
174,1
175,0
176,0
177,1
178,0
179,0
180,0
181,0
182,0
183,1
184,0
185,0
186,0
187,0
188,1
189,0
190,0
191,0
192,1
193,0
194,1
195,1
196,0
197,0
198,1
199,1
200,1
201,0
202,0
203,0
204,1
205,1
206,1
207,0
208,1
209,0
210,0
211,0
212,1
213,0
214,0
215,1
216,0
217,1
218,1
219,0
220,0
221,0
222,1
223,0
224,0
225,1
226,0
227,1
228,1
229,1
230,0
231,1
232,1
233,0
234,0
235,0
236,1
237,0
238,0
239,1
240,1
241,0
242,0
243,1
244,0
245,1
246,1
247,0
248,0
249,0
250,1
251,0
252,1
253,0
254,0
255,1
256,1
257,0
258,0
259,1
260,1
261,0
262,1
263,1
264,0
265,1
266,0
267,1
268,0
269,0
270,1
271,0
272,0
273,1
274,1
275,1
276,0
277,1
278,0
279,0
280,0
281,1
282,0
283,1
284,1
285,1
286,1
287,0
288,1
289,1
290,0
291,1
292,1
293,0
294,1
295,0
296,1
297,0
298,1
299,0
300,1
301,1
302,0
303,1
304,0
305,0
306,1
307,0
308,0
309,1
310,0
311,1
312,0
313,1
314,1
315,0
316,1
317,0
318,1
319,0
320,1
321,0
322,1
323,1
324,1
325,0
326,0
327,0
328,0
329,0
330,0
331,0
332,0
333,0
334,0
335,0
336,0
337,1
338,1
339,1
340,1
341,0
342,0
343,0
344,1
345,0
346,0
347,1
348,1
349,0
350,0
351,0
352,1
353,0
354,0
355,0
356,0
357,1
358,0
359,0
360,0
361,0
362,0
363,1
364,0
365,0
366,1
367,0
368,1
369,1
370,0
371,1
372,0
373,0
374,0
375,1
376,0
377,1
378,0
379,1
380,1
381,0
382,1
383,1
384,0
385,1
386,0
387,0
388,1
389,1
390,0
391,0
392,0
393,1
394,0
395,1
396,1
397,0
398,0
399,0
400,1
401,1
402,0
403,0
404,1
405,1
406,1
407,0
408,0
409,0
410,0
411,0
412,0
413,0
414,1
415,0
416,1
417,1
418,1
419,1
420,1
421,0
422,1
423,1
424,1
425,0
426,1
427,0
428,1
429,1
430,1
431,0
432,0
433,0
434,0
435,0
436,0
437,0
438,1
439,0
440,1
441,0
442,0
443,1
444,1
445,1
446,0
447,1
448,0
449,0
450,0
451,0
452,1
453,0
454,1
455,1
456,0
457,1
458,1
459,0
460,1
461,1
462,1
463,1
464,1
465,0
466,1
467,1
468,0
469,0
470,1
471,0
472,1
473,0
474,1
475,1
476,1
477,1
478,0
479,0
480,1
481,0
482,0
483,0
484,1
485,0
486,0
487,0
488,1
489,0
490,1
491,0
492,1
493,0
494,1
495,1
496,1
497,1
498,0
499,0
500,0
501,1
502,1
503,0
504,0
505,0
506,1
507,1
508,0
509,1
510,1
511,1
512,1
513,0
514,0
515,1
516,1
517,0
518,0
519,0
520,1
521,0
522,0
523,0
524,1
525,1
526,1
527,0
528,1
529,1
530,0
531,0
532,1
533,0
534,1
535,1
536,1
537,0
538,1
539,1
540,0
541,1
542,1
543,0
544,1
545,1
546,1
547,1
548,0
549,0
550,1
551,1
552,1
553,1
554,1
555,0
556,0
557,1
558,0
559,1
560,0
561,0
562,1
563,0
564,1
565,1
566,1
567,0
568,1
569,1
570,0
571,0
572,0
573,1
574,1
575,0
576,0
577,1
578,1
579,0
580,1
581,1
582,1
583,1
584,0
585,1
586,1
587,0
588,0
589,1
590,1
591,0
592,1
593,0
594,1
595,0
596,1
597,0
598,0
599,1
600,1
601,1
602,0
603,0
604,0
605,1
606,0
607,1
608,0
609,1
610,1
611,1
612,0
613,0
614,1
615,1
616,1
617,0
618,0
619,1
620,1
621,0
622,0
623,0
624,1
625,1
626,0
627,1
628,1
629,1
630,1
631,1
632,0
633,0
634,0
635,0
636,0
637,1
638,0
639,0
640,0
641,1
642,1
643,1
644,0
645,0
646,1
647,1
648,1
649,0
650,1
651,1
652,1
653,0
654,1
655,1
656,1
657,0
658,1
659,1
660,0
661,1
662,1
663,0
664,1
665,0
666,1
667,0
668,0
669,1
670,0
671,0
672,1
673,1
674,1
675,1
676,0
677,0
678,0
679,1
680,1
681,1
682,0
683,1
684,0
685,0
686,1
687,0
688,0
689,1
690,0
691,0
692,1
693,1
694,1
695,1
696,0
697,0
698,1
699,1
700,1
701,0
702,1
703,0
704,1
705,1
706,0
707,1
708,0
709,1
710,1
711,0
712,1
713,0
714,1
715,0
716,1
717,0
718,1
719,1
720,0
721,0
722,0
723,1
724,0
725,1
726,0
727,1
728,1
729,0
730,1
731,1
732,0
733,1
734,0
735,0
736,1
737,1
738,0
739,0
740,1
741,1
742,1
743,0
744,1
745,1
746,0
747,1
748,0
749,0
750,0
751,0
752,1
753,0
754,1
755,1
756,1
757,0
758,1
759,1
760,1
761,1
762,1
763,0
764,0
765,0
766,1
767,1
768,1
769,1
770,0
771,0
772,1
773,0
774,1
775,1
776,0
777,1
778,1
779,1
780,1
781,0
782,1
783,1
784,1
785,0
786,0
787,0
788,1
789,1
790,0
791,0
792,0
793,0
794,0
795,0
796,0
797,0
798,0
799,0
800,0
801,1
802,1
803,0
804,0
805,1
806,0
807,0
808,1
809,0
810,1
811,0
812,0
813,1
814,0
815,1
816,1
817,0
818,1
819,0
820,0
821,1
822,1
823,1
824,1
825,1
826,1
827,0
828,1
829,1
830,1
831,0
832,0
833,1
834,0
835,0
836,1
837,1
838,0
839,0
840,1
841,1
842,1
843,0
844,0
845,1
846,1
847,1
848,1
849,1
850,1
851,0
852,1
853,1
854,0
855,1
856,0
857,0
858,0
859,1
860,0
861,0
862,1
863,0
864,0
865,1
866,1
867,1
868,1
869,0
870,1
871,0
872,0
873,1
874,0
875,1
876,1
877,1
878,1
879,0
880,1
881,0
882,1
883,1
884,1
885,1
886,0
887,1
888,0
889,0
890,1
891,1
892,1
893,1
894,0
895,1
896,0
897,0
898,0
899,1
900,0
901,0
902,0
903,1
904,0
905,0
906,1
907,0
908,1
909,0
910,0
911,1
912,1
913,1
914,1
915,1
916,1
917,0
918,0
919,0
920,0
921,1
922,0
923,1
924,1
925,0
926,0
927,0
928,1
929,0
930,1
931,0
932,1
933,0
934,1
935,0
936,1
937,0
938,1
939,1
940,0
941,1
942,1
943,1
944,0
945,1
946,1
947,1
948,1
949,0
950,0
951,1
952,0
953,1
954,1
955,1
956,0
957,0
958,1
959,1
960,1
961,0
962,0
963,1
964,1
965,0
966,0
967,1
968,1
969,1
970,1
971,0
972,1
973,1
974,1
975,1
976,1
977,1
978,1
979,0
980,1
981,0
982,0
983,0
984,0
985,1
986,0
987,1
988,0
989,0
990,1
991,0
992,1
993,1
994,0
995,0
996,1
997,1
998,0
999,0
1000,0
1001,1
1002,1
1003,0
1004,0
1005,1
1006,0
1007,1
1008,1
1009,1
1010,0
1011,1
1012,1
1013,0
1014,1
1015,0
1016,0
1017,0
1018,1
1019,0
1020,0
1021,1
1022,0
1023,0
1024,0
1025,1
1026,1
1027,1
1028,0
1029,0
1030,0
1031,0
1032,1
1033,0
1034,1
1035,1
1036,1
1037,0
1038,0
1039,0
1040,1
1041,1
1042,1
1043,1
1044,1
1045,1
1046,1
1047,1
1048,1
1049,0
1050,1
1051,1
1052,1
1053,1
1054,0
1055,0
1056,0
1057,0
1058,0
1059,0
1060,1
1061,1
1062,0
1063,0
1064,1
1065,1
1066,0
1067,1
1068,1
1069,0
1070,0
1071,0
1072,0
1073,1
1074,0
1075,1
1076,1
1077,0
1078,1
1079,0
1080,1
1081,0
1082,0
1083,0
1084,0
1085,1
1086,1
1087,0
1088,1
1089,0
1090,1
1091,0
1092,1
1093,1
1094,0
1095,1
1096,1
1097,1
1098,1
1099,1
1100,0
1101,1
1102,0
1103,0
1104,1
1105,1
1106,0
1107,1
1108,1
1109,0
1110,1
1111,1
1112,1
1113,1
1114,1
1115,0
1116,0
1117,0
1118,1
1119,1
1120,0
1121,0
1122,1
1123,1
1124,1
1125,1
1126,1
1127,0
1128,1
1129,1
1130,1
1131,1
1132,0
1133,1
1134,0
1135,0
1136,1
1137,1
1138,1
1139,0
1140,0
1141,0
1142,1
1143,0
1144,1
1145,1
1146,1
1147,1
1148,1
1149,0
1150,0
1151,1
1152,0
1153,1
1154,0
1155,0
1156,0
1157,1
1158,0
1159,1
1160,0
1161,0
1162,0
1163,0
1164,1
1165,0
1166,0
1167,1
1168,1
1169,1
1170,1
1171,0
1172,0
1173,1
1174,1
1175,1
1176,1
1177,1
1178,0
1179,0
1180,0
1181,0
1182,0
1183,1
1184,1
1185,1
1186,1
1187,1
1188,0
1189,1
1190,0
1191,0
1192,1
1193,0
1194,0
1195,1
1196,1
1197,0
1198,1
1199,0
1200,0
1201,0
1202,1
1203,0
1204,1
1205,0
1206,1
1207,0
1208,1
1209,0
1210,0
1211,0
1212,1
1213,0
1214,0
1215,0
1216,1
1217,0
1218,0
1219,1
1220,1
1221,0
1222,0
1223,1
1224,1
1225,0
1226,0
1227,1
1228,0
1229,0
1230,1
1231,0
1232,1
1233,1
1234,0
1235,0
1236,1
1237,0
1238,1
1239,0
1240,0
1241,1
1242,1
1243,1
1244,1
1245,0
1246,1
1247,0
1248,0
1249,0
1250,1
1251,1
1252,1
1253,0
1254,0
1255,0
1256,1
1257,1
1258,1
1259,1
1260,0
1261,1
1262,1
1263,1
1264,1
1265,0
1266,0
1267,1
1268,0
1269,1
1270,0
1271,0
1272,1
1273,0
1274,1
1275,0
1276,0
1277,0
1278,1
1279,0
1280,1
1281,1
1282,1
1283,0
1284,1
1285,1
1286,0
1287,1
1288,1
1289,0
1290,0
1291,1
1292,0
1293,1
1294,0
1295,0
1296,1
1297,1
1298,0
1299,1
1300,0
1301,1
1302,0
1303,0
1304,1
1305,0
1306,1
1307,1
1308,0
1309,1
1310,1
1311,1
1312,0
1313,1
1314,1
1315,0
1316,1
1317,1
1318,0
1319,0
1320,0
1321,1
1322,0
1323,1
1324,0
1325,1
1326,1
1327,1
1328,0
1329,1
1330,1
1331,1
1332,1
1333,1
1334,0
1335,0
1336,0
1337,0
1338,1
1339,1
1340,1
1341,1
1342,0
1343,0
1344,0
1345,0
1346,1
1347,0
1348,1
1349,0
1350,1
1351,0
1352,0
1353,0
1354,0
1355,1
1356,0
1357,1
1358,0
1359,1
1360,0
1361,1
1362,1
1363,0
1364,0
1365,1
1366,0
1367,0
1368,1
1369,0
1370,0
1371,1
1372,1
1373,0
1374,0
1375,1
1376,1
1377,0
1378,0
1379,0
1380,1
1381,1
1382,1
1383,1
1384,1
1385,1
1386,1
1387,1
1388,0
1389,0
1390,0
1391,1
1392,1
1393,0
1394,1
1395,1
1396,0
1397,0
1398,0
1399,0
1400,1
1401,0
1402,1
1403,0
1404,0
1405,0
1406,1
1407,0
1408,0
1409,1
1410,0
1411,0
1412,0
1413,1
1414,1
1415,0
1416,1
1417,1
1418,0
1419,0
1420,0
1421,0
1422,0
1423,1
1424,0
1425,1
1426,0
1427,1
1428,1
1429,0
1430,0
1431,1
1432,1
1433,0
1434,0
1435,1
1436,1
1437,0
1438,1
1439,1
1440,0
1441,1
1442,0
1443,1
1444,1
1445,0
1446,0
1447,1
1448,1
1449,1
1450,0
1451,1
1452,1
1453,1
1454,1
1455,0
1456,0
1457,1
1458,0
1459,1
1460,1
1461,0
1462,0
1463,0
1464,0
1465,0
1466,1
1467,0
1468,0
1469,0
1470,0
1471,0
1472,0
1473,1
1474,1
1475,0
1476,0
1477,1
1478,1
1479,0
1480,1
1481,0
1482,0
1483,0
1484,0
1485,1
1486,0
1487,1
1488,0
1489,1
1490,1
1491,0
1492,1
1493,1
1494,1
1495,1
1496,0
1497,0
1498,1
1499,0
1500,1
1501,0
1502,0
1503,1
1504,0
1505,1
1506,1
1507,1
1508,1
1509,1
1510,0
1511,1
1512,1
1513,1
1514,1
1515,0
1516,1
1517,1
1518,0
1519,0
1520,0
1521,1
1522,0
1523,1
1524,0
1525,1
1526,1
1527,1
1528,0
1529,0
1530,1
1531,1
1532,1
1533,0
1534,0
1535,0
1536,1
1537,0
1538,1
1539,0
1540,0
1541,1
1542,0
1543,0
1544,0
1545,1
1546,0
1547,0
1548,0
1549,0
1550,1
1551,1
1552,0
1553,1
1554,1
1555,1
1556,0
1557,0
1558,0
1559,0
1560,1
1561,0
1562,1
1563,0
1564,1
1565,1
1566,0
1567,0
1568,0
1569,0
1570,1
1571,0
1572,1
1573,0
1574,0
1575,1
1576,1
1577,0
1578,0
1579,1
1580,0
1581,1
1582,1
1583,1
1584,1
1585,1
1586,1
1587,0
1588,1
1589,1
1590,0
1591,0
1592,1
1593,1
1594,1
1595,1
1596,1
1597,0
1598,1
1599,0
1600,1
1601,0
1602,1
1603,0
1604,0
1605,1
1606,1
1607,0
1608,0
1609,1
1610,1
1611,1
1612,0
1613,0
1614,1
1615,1
1616,1
1617,0
1618,0
1619,0
1620,0
1621,0
1622,1
1623,1
1624,1
1625,1
1626,0
1627,1
1628,0
1629,0
1630,0
1631,1
1632,1
1633,0
1634,0
1635,1
1636,1
1637,0
1638,1
1639,1
1640,1
1641,1
1642,1
1643,0
1644,0
1645,1
1646,1
1647,1
1648,0
1649,1
1650,1
1651,1
1652,1
1653,0
1654,0
1655,0
1656,1
1657,1
1658,0
1659,0
1660,0
1661,0
1662,0
1663,0
1664,1
1665,0
1666,1
1667,0
1668,1
1669,1
1670,1
1671,0
1672,1
1673,1
1674,1
1675,0
1676,0
1677,0
1678,0
1679,0
1680,1
1681,0
1682,1
1683,0
1684,0
1685,0
1686,0
1687,1
1688,0
1689,0
1690,0
1691,0
1692,1
1693,1
1694,0
1695,0
1696,1
1697,1
1698,0
1699,1
1700,1
1701,1
1702,0
1703,0
1704,1
1705,1
1706,1
1707,0
1708,1
1709,1
1710,1
1711,1
1712,0
1713,1
1714,0
1715,0
1716,1
1717,1
1718,1
1719,0
1720,1
1721,0
1722,0
1723,0
1724,0
1725,1
1726,0
1727,0
1728,1
1729,0
1730,1
1731,1
1732,0
1733,1
1734,0
1735,1
1736,0
1737,1
1738,1
1739,1
1740,0
1741,0
1742,0
1743,0
1744,0
1745,0
1746,1
1747,0
1748,1
1749,1
1750,1
1751,0
1752,0
1753,0
1754,1
1755,1
1756,1
1757,0
1758,0
1759,1
1760,1
1761,0
1762,0
1763,1
1764,0
1765,0
1766,1
1767,1
1768,1
1769,1
1770,1
1771,0
1772,0
1773,0
1774,0
1775,0
1776,1
1777,1
1778,0
1779,0
1780,0
1781,0
1782,0
1783,0
1784,0
1785,0
1786,1
1787,0
1788,0
1789,1
1790,0
1791,1
1792,1
1793,1
1794,0
1795,0
1796,1
1797,1
1798,1
1799,1
1800,1
1801,1
1802,1
1803,1
1804,0
1805,0
1806,1
1807,1
1808,0
1809,0
1810,1
1811,0
1812,0
1813,1
1814,0
1815,0
1816,1
1817,1
1818,1
1819,1
1820,0
1821,0
1822,0
1823,1
1824,1
1825,0
1826,0
1827,1
1828,1
1829,1
1830,1
1831,0
1832,0
1833,1
1834,0
1835,1
1836,1
1837,1
1838,0
1839,1
1840,0
1841,0
1842,1
1843,0
1844,1
1845,1
1846,1
1847,0
1848,0
1849,1
1850,0
1851,1
1852,1
1853,0
1854,1
1855,1
1856,1
1857,0
1858,1
1859,0
1860,0
1861,0
1862,1
1863,1
1864,0
1865,0
1866,0
1867,0
1868,0
1869,1
1870,1
1871,1
1872,1
1873,0
1874,1
1875,1
1876,0
1877,1
1878,1
1879,1
1880,1
1881,0
1882,0
1883,1
1884,0
1885,1
1886,0
1887,0
1888,1
1889,1
1890,1
1891,1
1892,0
1893,0
1894,0
1895,0
1896,1
1897,1
1898,0
1899,1
1900,0
1901,1
1902,1
1903,1
1904,0
1905,0
1906,0
1907,0
1908,0
1909,0
1910,0
1911,1
1912,0
1913,1
1914,1
1915,1
1916,1
1917,0
1918,1
1919,1
1920,0
1921,0
1922,0
1923,1
1924,0
1925,1
1926,1
1927,0
1928,1
1929,1
1930,1
1931,1
1932,1
1933,0
1934,1
1935,0
1936,1
1937,1
1938,1
1939,0
1940,1
1941,0
1942,1
1943,1
1944,0
1945,0
1946,1
1947,0
1948,1
1949,0
1950,1
1951,0
1952,1
1953,1
1954,0
1955,0
1956,1
1957,0
1958,0
1959,0
1960,0
1961,0
1962,1
1963,1
1964,0
1965,0
1966,0
1967,1
1968,1
1969,0
1970,1
1971,0
1972,0
1973,0
1974,1
1975,1
1976,0
1977,0
1978,0
1979,0
1980,0
1981,1
1982,0
1983,1
1984,1
1985,0
1986,1
1987,0
1988,0
1989,1
1990,0
1991,0
1992,1
1993,0
1994,1
1995,1
1996,0
1997,1
1998,1
1999,0
2000,1
2001,1
2002,0
2003,1
2004,1
2005,1
2006,0
2007,1
2008,0
2009,1
2010,1
2011,0
2012,0
2013,0
2014,1
2015,0
2016,0
2017,0
2018,1
2019,1
2020,0
2021,1
2022,0
2023,0
2024,0
2025,0
2026,0
2027,0
2028,0
2029,0
2030,1
2031,1
2032,1
2033,0
2034,0
2035,0
2036,0
2037,1
2038,0
2039,1
2040,1
2041,1
2042,0
2043,0
2044,0
2045,1
2046,1
2047,0
2048,1
2049,0
2050,0
2051,1
2052,1
2053,1
2054,0
2055,1
2056,1
2057,1
2058,1
2059,0
2060,1
2061,1
2062,1
2063,1
2064,1
2065,0
2066,1
2067,0
2068,1
2069,0
2070,1
2071,0
2072,0
2073,0
2074,0
2075,0
2076,0
2077,1
2078,0
2079,0
2080,0
2081,1
2082,1
2083,0
2084,0
2085,1
2086,1
2087,1
2088,1
2089,1
2090,0
2091,0
2092,1
2093,1
2094,0
2095,1
2096,0
2097,0
2098,1
2099,0
2100,0
2101,0
2102,0
2103,0
2104,0
2105,0
2106,1
2107,0
2108,1
2109,1
2110,1
2111,0
2112,1
2113,0
2114,0
2115,0
2116,1
2117,0
2118,1
2119,0
2120,1
2121,0
2122,1
2123,0
2124,0
2125,1
2126,0
2127,0
2128,1
2129,1
2130,0
2131,1
2132,0
2133,0
2134,0
2135,1
2136,1
2137,1
2138,1
2139,1
2140,1
2141,1
2142,0
2143,1
2144,1
2145,1
2146,0
2147,0
2148,0
2149,1
2150,0
2151,1
2152,1
2153,1
2154,0
2155,0
2156,0
2157,0
2158,0
2159,1
2160,0
2161,0
2162,0
2163,1
2164,1
2165,0
2166,1
2167,0
2168,0
2169,1
2170,0
2171,0
2172,1
2173,0
2174,0
2175,0
2176,1
2177,0
2178,0
2179,0
2180,1
2181,0
2182,0
2183,0
2184,1
2185,0
2186,1
2187,0
2188,1
2189,0
2190,0
2191,1
2192,1
2193,0
2194,0
2195,0
2196,0
2197,1
2198,1
2199,0
2200,0
2201,1
2202,0
2203,1
2204,1
2205,1
2206,0
2207,1
2208,1
2209,0
2210,0
2211,0
2212,1
2213,0
2214,1
2215,1
2216,0
2217,0
2218,1
2219,1
2220,0
2221,1
2222,0
2223,0
2224,1
2225,0
2226,1
2227,1
2228,0
2229,0
2230,1
2231,0
2232,1
2233,1
2234,0
2235,1
2236,0
2237,0
2238,0
2239,0
2240,0
2241,1
2242,0
2243,1
2244,0
2245,0
2246,0
2247,0
2248,1
2249,0
2250,1
2251,0
2252,1
2253,0
2254,0
2255,1
2256,0
2257,1
2258,1
2259,0
2260,0
2261,0
2262,0
2263,0
2264,1
2265,1
2266,1
2267,1
2268,0
2269,0
2270,1
2271,1
2272,0
2273,0
2274,1
2275,0
2276,1
2277,1
2278,0
2279,0
2280,1
2281,1
2282,1
2283,0
2284,0
2285,1
2286,0
2287,0
2288,0
2289,0
2290,0
2291,1
2292,1
2293,1
2294,1
2295,1
2296,1
2297,0
2298,0
2299,0
2300,0
2301,1
2302,0
2303,0
2304,1
2305,1
2306,0
2307,0
2308,1
2309,0
2310,0
2311,0
2312,1
2313,1
2314,1
2315,1
2316,0
2317,0
2318,0
2319,1
2320,0
2321,1
2322,0
2323,0
2324,0
2325,0
2326,1
2327,1
2328,0
2329,1
2330,0
2331,0
2332,1
2333,1
2334,1
2335,0
2336,0
2337,0
2338,0
2339,0
2340,0
2341,0
2342,1
2343,1
2344,0
2345,0
2346,0
2347,0
2348,0
2349,1
2350,0
2351,1
2352,0
2353,1
2354,0
2355,1
2356,1
2357,1
2358,0
2359,0
2360,0
2361,0
2362,1
2363,0
2364,1
2365,1
2366,0
2367,1
2368,0
2369,0
2370,1
2371,0
2372,1
2373,0
2374,0
2375,0
2376,1
2377,1
2378,1
2379,1
2380,0
2381,1
2382,1
2383,0
2384,0
2385,1
2386,0
2387,1
2388,1
2389,0
2390,0
2391,0
2392,1
2393,0
2394,0
2395,1
2396,1
2397,1
2398,1
2399,1
2400,1
2401,1
2402,0
2403,1
2404,1
2405,0
2406,1
2407,0
2408,1
2409,1
2410,1
2411,1
2412,0
2413,0
2414,1
2415,0
2416,0
2417,1
2418,1
2419,1
2420,1
2421,1
2422,1
2423,1
2424,1
2425,0
2426,1
2427,0
2428,1
2429,0
2430,0
2431,1
2432,0
2433,0
2434,0
2435,0
2436,1
2437,0
2438,1
2439,1
2440,0
2441,1
2442,0
2443,1
2444,0
2445,1
2446,0
2447,1
2448,0
2449,1
2450,1
2451,1
2452,0
2453,1
2454,1
2455,1
2456,0
2457,1
2458,0
2459,0
2460,0
2461,0
2462,0
2463,0
2464,0
2465,1
2466,1
2467,1
2468,1
2469,1
2470,1
2471,1
2472,0
2473,1
2474,1
2475,0
2476,1
2477,1
2478,1
2479,0
2480,1
2481,0
2482,0
2483,0
2484,1
2485,0
2486,0
2487,1
2488,0
2489,0
2490,0
2491,1
2492,1
2493,1
2494,1
2495,1
2496,0
2497,0
2498,1
2499,1
2500,0
2501,0
2502,0
2503,0
2504,1
2505,0
2506,1
2507,1
2508,1
2509,1
2510,1
2511,0
2512,1
2513,0
2514,0
2515,1
2516,0
2517,1
2518,0
2519,1
2520,0
2521,1
2522,0
2523,0
2524,0
2525,0
2526,1
2527,1
2528,0
2529,0
2530,1
2531,0
2532,1
2533,1
2534,1
2535,0
2536,1
2537,1
2538,0
2539,1
2540,1
2541,0
2542,0
2543,1
2544,0
2545,0
2546,0
2547,0
2548,0
2549,1
2550,1
2551,1
2552,1
2553,1
2554,0
2555,0
2556,0
2557,0
2558,1
2559,1
2560,1
2561,0
2562,1
2563,1
2564,1
2565,1
2566,0
2567,0
2568,1
2569,1
2570,1
2571,0
2572,1
2573,1
2574,0
2575,0
2576,1
2577,1
2578,1
2579,0
2580,1
2581,1
2582,1
2583,0
2584,0
2585,1
2586,0
2587,1
2588,0
2589,1
2590,0
2591,0
2592,1
2593,1
2594,0
2595,0
2596,1
2597,0
2598,0
2599,0
2600,0
2601,1
2602,0
2603,0
2604,0
2605,1
2606,0
2607,0
2608,1
2609,1
2610,0
2611,0
2612,1
2613,1
2614,1
2615,0
2616,0
2617,0
2618,0
2619,0
2620,1
2621,0
2622,1
2623,1
2624,0
2625,1
2626,1
2627,0
2628,0
2629,1
2630,0
2631,1
2632,0
2633,0
2634,1
2635,1
2636,0
2637,1
2638,1
2639,1
2640,1
2641,0
2642,1
2643,1
2644,0
2645,1
2646,0
2647,0
2648,0
2649,1
2650,0
2651,1
2652,1
2653,0
2654,0
2655,0
2656,1
2657,0
2658,0
2659,1
2660,1
2661,1
2662,0
2663,1
2664,0
2665,1
2666,1
2667,0
2668,0
2669,1
2670,1
2671,0
2672,0
2673,1
2674,0
2675,1
2676,1
2677,0
2678,0
2679,1
2680,1
2681,1
2682,0
2683,1
2684,1
2685,0
2686,1
2687,1
2688,1
2689,1
2690,1
2691,0
2692,0
2693,0
2694,0
2695,0
2696,1
2697,0
2698,1
2699,0
2700,0
2701,0
2702,0
2703,0
2704,0
2705,0
2706,0
2707,1
2708,0
2709,1
2710,0
2711,1
2712,1
2713,1
2714,1
2715,0
2716,1
2717,0
2718,0
2719,1
2720,1
2721,0
2722,0
2723,1
2724,1
2725,0
2726,0
2727,1
2728,1
2729,1
2730,0
2731,1
2732,1
2733,1
2734,0
2735,0
2736,0
2737,1
2738,1
2739,0
2740,0
2741,0
2742,1
2743,1
2744,0
2745,0
2746,0
2747,1
2748,1
2749,0
2750,1
2751,0
2752,1
2753,1
2754,1
2755,0
2756,0
2757,0
2758,1
2759,1
2760,1
2761,0
2762,1
2763,1
2764,0
2765,1
2766,0
2767,0
2768,0
2769,1
2770,1
2771,0
2772,0
2773,1
2774,0
2775,0
2776,0
2777,1
2778,0
2779,0
2780,1
2781,0
2782,0
2783,1
2784,1
2785,1
2786,0
2787,0
2788,0
2789,1
2790,0
2791,1
2792,1
2793,0
2794,0
2795,1
2796,1
2797,0
2798,0
2799,1
2800,1
2801,0
2802,1
2803,0
2804,1
2805,1
2806,1
2807,0
2808,1
2809,0
2810,1
2811,1
2812,0
2813,0
2814,0
2815,0
2816,0
2817,0
2818,0
2819,0
2820,0
2821,1
2822,1
2823,1
2824,0
2825,0
2826,1
2827,1
2828,1
2829,0
2830,1
2831,0
2832,0
2833,0
2834,0
2835,1
2836,1
2837,1
2838,1
2839,0
2840,1
2841,1
2842,1
2843,1
2844,1
2845,1
2846,0
2847,0
2848,1
2849,0
2850,0
2851,0
2852,1
2853,1
2854,0
2855,0
2856,0
2857,0
2858,0
2859,0
2860,1
2861,1
2862,1
2863,0
2864,1
2865,1
2866,0
2867,1
2868,1
2869,0
2870,1
2871,0
2872,0
2873,1
2874,1
2875,1
2876,0
2877,0
2878,0
2879,0
2880,1
2881,0
2882,0
2883,0
2884,1
2885,0
2886,1
2887,1
2888,1
2889,0
2890,0
2891,1
2892,0
2893,1
2894,0
2895,1
2896,1
2897,1
2898,0
2899,0
2900,0
2901,0
2902,0
2903,0
2904,1
2905,0
2906,1
2907,0
2908,0
2909,0
2910,1
2911,1
2912,0
2913,0
2914,0
2915,0
2916,0
2917,0
2918,0
2919,1
2920,1
2921,1
2922,1
2923,0
2924,1
2925,1
2926,0
2927,1
2928,1
2929,0
2930,0
2931,0
2932,0
2933,0
2934,1
2935,0
2936,0
2937,1
2938,0
2939,1
2940,0
2941,0
2942,0
2943,1
2944,0
2945,0
2946,0
2947,1
2948,0
2949,0
2950,0
2951,1
2952,1
2953,0
2954,0
2955,1
2956,1
2957,0
2958,0
2959,0
2960,1
2961,0
2962,0
2963,0
2964,0
2965,0
2966,1
2967,0
2968,0
2969,0
2970,1
2971,1
2972,0
2973,0
2974,0
2975,1
2976,1
2977,1
2978,1
2979,1
2980,0
2981,0
2982,1
2983,0
2984,0
2985,1
2986,0
2987,0
2988,1
2989,1
2990,1
2991,0
2992,0
2993,1
2994,1
2995,0
2996,1
2997,0
2998,0
2999,0
3000,1
3001,1
3002,0
3003,0
3004,1
3005,0
3006,1
3007,1
3008,1
3009,0
3010,0
3011,0
3012,1
3013,1
3014,0
3015,1
3016,1
3017,1
3018,0
3019,0
3020,0
3021,0
3022,1
3023,1
3024,0
3025,0
3026,1
3027,0
3028,1
3029,0
3030,0
3031,0
3032,1
3033,0
3034,1
3035,1
3036,0
3037,1
3038,1
3039,0
3040,1
3041,0
3042,1
3043,1
3044,1
3045,1
3046,1
3047,0
3048,1
3049,0
3050,1
3051,0
3052,1
3053,0
3054,1
3055,0
3056,1
3057,0
3058,1
3059,1
3060,0
3061,0
3062,1
3063,1
3064,1
3065,0
3066,1
3067,1
3068,0
3069,0
3070,1
3071,1
3072,0
3073,0
3074,0
3075,1
3076,1
3077,0
3078,1
3079,0
3080,0
3081,1
3082,0
3083,1
3084,0
3085,1
3086,1
3087,1
3088,1
3089,1
3090,0
3091,1
3092,0
3093,0
3094,1
3095,0
3096,1
3097,0
3098,0
3099,1
3100,0
3101,0
3102,1
3103,1
3104,0
3105,0
3106,0
3107,1
3108,0
3109,1
3110,0
3111,1
3112,1
3113,0
3114,0
3115,0
3116,1
3117,1
3118,1
3119,0
3120,1
3121,0
3122,1
3123,0
3124,0
3125,1
3126,0
3127,0
3128,1
3129,1
3130,1
3131,0
3132,0
3133,1
3134,0
3135,1
3136,1
3137,0
3138,1
3139,0
3140,1
3141,0
3142,0
3143,1
3144,1
3145,0
3146,1
3147,0
3148,0
3149,0
3150,1
3151,1
3152,0
3153,0
3154,0
3155,1
3156,1
3157,0
3158,1
3159,0
3160,0
3161,0
3162,1
3163,1
3164,1
3165,1
3166,1
3167,0
3168,0
3169,0
3170,1
3171,0
3172,1
3173,0
3174,0
3175,0
3176,1
3177,0
3178,1
3179,1
3180,1
3181,0
3182,0
3183,0
3184,1
3185,1
3186,0
3187,0
3188,0
3189,1
3190,1
3191,1
3192,1
3193,0
3194,0
3195,0
3196,1
3197,0
3198,1
3199,0
3200,1
3201,0
3202,0
3203,1
3204,1
3205,0
3206,0
3207,1
3208,1
3209,1
3210,1
3211,1
3212,1
3213,0
3214,1
3215,0
3216,1
3217,1
3218,0
3219,1
3220,0
3221,1
3222,1
3223,1
3224,0
3225,0
3226,1
3227,1
3228,1
3229,1
3230,0
3231,0
3232,0
3233,1
3234,0
3235,0
3236,0
3237,1
3238,1
3239,1
3240,0
3241,1
3242,1
3243,0
3244,0
3245,1
3246,1
3247,0
3248,1
3249,1
3250,1
3251,1
3252,1
3253,1
3254,1
3255,1
3256,1
3257,1
3258,0
3259,1
3260,0
3261,0
3262,1
3263,0
3264,0
3265,0
3266,1
3267,1
3268,0
3269,1
3270,0
3271,0
3272,1
3273,1
3274,0
3275,1
3276,1
3277,1
3278,1
3279,1
3280,0
3281,1
3282,1
3283,1
3284,1
3285,1
3286,0
3287,1
3288,0
3289,1
3290,1
3291,0
3292,1
3293,0
3294,1
3295,0
3296,0
3297,1
3298,1
3299,1
3300,0
3301,1
3302,0
3303,0
3304,1
3305,1
3306,0
3307,0
3308,0
3309,0
3310,1
3311,1
3312,0
3313,0
3314,0
3315,0
3316,1
3317,0
3318,0
3319,0
3320,1
3321,1
3322,0
3323,0
3324,1
3325,1
3326,0
3327,0
3328,0
3329,0
3330,0
3331,0
3332,0
3333,1
3334,1
3335,1
3336,0
3337,1
3338,0
3339,1
3340,0
3341,1
3342,0
3343,0
3344,0
3345,0
3346,1
3347,0
3348,1
3349,0
3350,1
3351,1
3352,1
3353,1
3354,0
3355,1
3356,0
3357,0
3358,1
3359,0
3360,0
3361,0
3362,0
3363,1
3364,0
3365,1
3366,0
3367,0
3368,1
3369,0
3370,1
3371,0
3372,1
3373,1
3374,1
3375,1
3376,1
3377,1
3378,1
3379,0
3380,0
3381,0
3382,1
3383,0
3384,1
3385,0
3386,0
3387,1
3388,1
3389,0
3390,1
3391,0
3392,1
3393,0
3394,1
3395,0
3396,1
3397,0
3398,0
3399,1
3400,1
3401,0
3402,1
3403,1
3404,1
3405,1
3406,0
3407,1
3408,0
3409,1
3410,1
3411,0
3412,1
3413,1
3414,0
3415,0
3416,0
3417,1
3418,1
3419,1
3420,0
3421,1
3422,0
3423,1
3424,0
3425,0
3426,1
3427,0
3428,1
3429,0
3430,0
3431,1
3432,0
3433,1
3434,1
3435,0
3436,1
3437,0
3438,0
3439,0
3440,1
3441,1
3442,0
3443,1
3444,0
3445,0
3446,0
3447,0
3448,1
3449,1
3450,1
3451,1
3452,0
3453,0
3454,1
3455,1
3456,1
3457,1
3458,0
3459,0
3460,1
3461,0
3462,1
3463,0
3464,1
3465,1
3466,0
3467,1
3468,0
3469,0
3470,0
3471,0
3472,1
3473,1
3474,1
3475,1
3476,1
3477,0
3478,0
3479,0
3480,0
3481,1
3482,1
3483,0
3484,0
3485,1
3486,0
3487,0
3488,1
3489,0
3490,1
3491,0
3492,1
3493,0
3494,1
3495,0
3496,0
3497,1
3498,1
3499,0
3500,0
3501,0
3502,1
3503,1
3504,0
3505,0
3506,0
3507,1
3508,1
3509,0
3510,0
3511,0
3512,0
3513,0
3514,0
3515,0
3516,0
3517,0
3518,0
3519,1
3520,0
3521,0
3522,0
3523,0
3524,1
3525,1
3526,0
3527,1
3528,0
3529,0
3530,1
3531,0
3532,1
3533,1
3534,0
3535,0
3536,1
3537,0
3538,0
3539,1
3540,1
3541,1
3542,1
3543,0
3544,1
3545,0
3546,1
3547,0
3548,1
3549,0
3550,0
3551,1
3552,0
3553,0
3554,0
3555,1
3556,0
3557,0
3558,1
3559,0
3560,0
3561,0
3562,0
3563,0
3564,0
3565,0
3566,0
3567,0
3568,0
3569,0
3570,1
3571,1
3572,0
3573,0
3574,1
3575,0
3576,0
3577,1
3578,1
3579,1
3580,1
3581,0
3582,0
3583,1
3584,1
3585,1
3586,0
3587,0
3588,0
3589,1
3590,0
3591,0
3592,1
3593,0
3594,0
3595,1
3596,1
3597,0
3598,0
3599,1
3600,1
3601,0
3602,1
3603,0
3604,1
3605,1
3606,0
3607,0
3608,1
3609,0
3610,0
3611,0
3612,1
3613,1
3614,1
3615,0
3616,0
3617,0
3618,0
3619,1
3620,1
3621,1
3622,0
3623,1
3624,0
3625,1
3626,0
3627,0
3628,0
3629,1
3630,1
3631,0
3632,1
3633,1
3634,0
3635,1
3636,0
3637,1
3638,1
3639,1
3640,0
3641,1
3642,0
3643,1
3644,0
3645,0
3646,0
3647,0
3648,1
3649,1
3650,0
3651,1
3652,1
3653,0
3654,1
3655,1
3656,0
3657,0
3658,0
3659,1
3660,0
3661,1
3662,1
3663,0
3664,0
3665,0
3666,1
3667,0
3668,1
3669,1
3670,0
3671,1
3672,0
3673,0
3674,1
3675,0
3676,0
3677,1
3678,1
3679,0
3680,1
3681,1
3682,0
3683,1
3684,0
3685,0
3686,1
3687,0
3688,1
3689,0
3690,1
3691,0
3692,0
3693,0
3694,0
3695,0
3696,0
3697,0
3698,0
3699,0
3700,0
3701,1
3702,1
3703,0
3704,1
3705,1
3706,1
3707,0
3708,0
3709,0
3710,0
3711,0
3712,0
3713,0
3714,0
3715,0
3716,0
3717,1
3718,0
3719,0
3720,1
3721,1
3722,1
3723,0
3724,0
3725,1
3726,1
3727,1
3728,1
3729,0
3730,0
3731,1
3732,0
3733,0
3734,0
3735,0
3736,0
3737,1
3738,1
3739,1
3740,0
3741,0
3742,1
3743,1
3744,1
3745,0
3746,0
3747,0
3748,0
3749,1
3750,0
3751,0
3752,1
3753,1
3754,1
3755,1
3756,1
3757,0
3758,1
3759,1
3760,0
3761,0
3762,0
3763,1
3764,1
3765,0
3766,1
3767,1
3768,1
3769,1
3770,1
3771,1
3772,1
3773,1
3774,0
3775,0
3776,0
3777,1
3778,0
3779,1
3780,0
3781,0
3782,0
3783,0
3784,1
3785,0
3786,0
3787,0
3788,0
3789,1
3790,1
3791,0
3792,1
3793,0
3794,0
3795,1
3796,0
3797,0
3798,0
3799,1
3800,1
3801,1
3802,1
3803,1
3804,1
3805,0
3806,0
3807,0
3808,1
3809,0
3810,1
3811,1
3812,0
3813,1
3814,1
3815,0
3816,0
3817,1
3818,0
3819,1
3820,0
3821,0
3822,1
3823,1
3824,0
3825,0
3826,0
3827,0
3828,0
3829,0
3830,0
3831,0
3832,1
3833,1
3834,0
3835,0
3836,1
3837,1
3838,1
3839,1
3840,1
3841,1
3842,0
3843,1
3844,1
3845,0
3846,1
3847,1
3848,0
3849,1
3850,1
3851,0
3852,1
3853,0
3854,1
3855,0
3856,0
3857,0
3858,0
3859,1
3860,1
